,id,timestamp,text,symbol,sent,sent_score
0,1561699505908621315,Mon Aug 22 12:59:11 +0000 2022,"Comments negative: VFC, UPS and feels like Nvidia...",['UPS'],NEGATIVE,0.99944824
1,1561678452633247746,Mon Aug 22 11:35:32 +0000 2022,Remember you get your APE today which is weighing on the normal stock.. Mother of All Short Squeezed to get stock up to buy Regal,['APE'],POSITIVE,0.9944083
2,1561668155927314432,Mon Aug 22 10:54:37 +0000 2022,AMC down because of Cineworld and Regal but @CEOAdam will rally the Ape troops... Surprised they are bailing,['AMC'],NEGATIVE,0.9932161
3,1560685345062244352,Fri Aug 19 17:49:17 +0000 2022,All the kings horses and all the kings men... Bed Bath..watch Ryan Cohen start buying GME to get back in good graces...,['GME'],POSITIVE,0.9942936
4,1560376836760166402,Thu Aug 18 21:23:22 +0000 2022,He sold it all! What guts. And BBBY hires K&amp;E? for what? they don't sell stock!,['BBBY'],NEGATIVE,0.99882704
5,1560359068342095877,Thu Aug 18 20:12:46 +0000 2022,Big move by $AMAT bodes well for next day semi move,['$AMAT'],POSITIVE,0.998574
6,1560024080207826945,Wed Aug 17 22:01:39 +0000 2022,Did my buddy pal friend Ryan Cohen beat the company to the selling punch? Probably... $BBBY,['$BBBY'],NEGATIVE,0.974415
7,1560016013567090689,Wed Aug 17 21:29:35 +0000 2022,almost ready: RC Cola here we come! oops RC Ventures!!! https://t.co/wfT3pbAeMi,"['RC', 'RC']",POSITIVE,0.99827796
8,1559893245433348096,Wed Aug 17 13:21:45 +0000 2022,BBBY management =i challenge you to take advantage of this gift!,['BBBY'],POSITIVE,0.9987527
9,1559888089220259842,Wed Aug 17 13:01:16 +0000 2022,BBBY government ignores; company paralyzed,['BBBY'],NEGATIVE,0.9992764
10,1559847329095712769,Wed Aug 17 10:19:18 +0000 2022,Coordinated sites gunning for get BBBY up already? Always intimidating to shorts who are cornered. Not much out of‚Ä¶ https://t.co/NTt7uFQk1N,['BBBY'],NEGATIVE,0.99837357
11,1559660750985216003,Tue Aug 16 21:57:54 +0000 2022,"AMC and GME did stock deals, at the money fund raises.. obviously some joker lawyer is telling $BBBY it can't which is a mistake. It can...","['AMC', 'GME', '$BBBY']",POSITIVE,0.9904316
12,1559659997654573059,Tue Aug 16 21:54:55 +0000 2022,$BBBY 65 million shares and 390 million shares traded. Is this mindless manipulation to break the shorts?  I think‚Ä¶ https://t.co/Zy1C4odsHP,['$BBBY'],NEGATIVE,0.99887395
13,1559624941452120065,Tue Aug 16 19:35:37 +0000 2022,Maybe Gove figured out that BBBY is up because of the squeeze NOT the merch and will sell 20 million shares.,['BBBY'],NEGATIVE,0.99756473
14,1559505530250559488,Tue Aug 16 11:41:07 +0000 2022,WSBers gunning $BBBY again after B Riley sell call.. Such a game.. Gotta love it.... Even if WSB seems way too part‚Ä¶ https://t.co/NJVX2gCHvP,"['$BBBY', 'B']",POSITIVE,0.99868107
15,1559155188581138432,Mon Aug 15 12:28:59 +0000 2022,$BBBY -another great opportunity to issue stock that they won't take....,['$BBBY'],NEGATIVE,0.9968488
16,1558547948140634113,Sat Aug 13 20:16:01 +0000 2022,A couple of my favorite things on a beautiful Saturday! ‚òÄÔ∏è https://t.co/kDGILDVXD4,['A'],POSITIVE,0.9988328
17,1557712875908730880,Thu Aug 11 12:57:45 +0000 2022,SIX is probably available after that miserable number! https://t.co/WlOpulNyNJ,['SIX'],NEGATIVE,0.9987836
18,1557355083028897793,Wed Aug 10 13:16:00 +0000 2022,"$BBBY once again, Ms. Gove, this is your chance!!",['$BBBY'],NEGATIVE,0.98733795
19,1557307813788917761,Wed Aug 10 10:08:10 +0000 2022,"Of course i knew that last night's primer would stir the remaining stragglers who still just care about GME, BBBY a‚Ä¶ https://t.co/x0joLror9O",['BBBY'],NEGATIVE,0.9899973
20,1556922601011920896,Tue Aug 09 08:37:28 +0000 2022,"RT @MadMoneyOnCNBC: .@JimCramer also gave his take on Citigroup, MP Materials and more. https://t.co/V7ezAn7a2f",['MP'],POSITIVE,0.99758095
21,1554956973954719745,Wed Aug 03 22:26:46 +0000 2022,A Goofus and Gallant market,['A'],POSITIVE,0.9979321
22,1554750863574433792,Wed Aug 03 08:47:46 +0000 2022,"AMD really did guide above consensus....Shockingly good SBUX but then again, that's Howard","['AMD', 'SBUX']",POSITIVE,0.9979772
23,1552819415653179392,Fri Jul 29 00:52:53 +0000 2022,"this is what i am talking about, not too late to buy charitable trust name $F or FORD https://t.co/IaraNgWbXZ","['$F', 'FORD']",NEGATIVE,0.9395839
24,1552646018457604097,Thu Jul 28 13:23:52 +0000 2022,$NOW is fine. Better than you would have thought if you had watched Mad Money July 11,['$NOW'],POSITIVE,0.9977217
25,1552289358291558401,Wed Jul 27 13:46:37 +0000 2022,much more to come: Tmobile--Stay tune--Verizon and T fans-look out,['T'],POSITIVE,0.99783313
26,1551876201043709952,Tue Jul 26 10:24:53 +0000 2022,if we make it through this day even remotely intact big victory for bulls because right now only NXPI has its head‚Ä¶ https://t.co/RIdfDqHgou,['NXPI'],POSITIVE,0.9979233
27,1551637493291880448,Mon Jul 25 18:36:21 +0000 2022,Haters up your game. The endless SNAP nonsense is tiresome. They despised me for my endless criticisms and now you‚Ä¶ https://t.co/7JXEDQolML,['SNAP'],NEGATIVE,0.9994354
28,1551636126573764612,Mon Jul 25 18:30:55 +0000 2022,I thought it was a funny mention because so far almost every commodity price is down from that moment. FT a contrar‚Ä¶ https://t.co/a18lu4RiuQ,['FT'],NEGATIVE,0.9957379
29,1551490067545333763,Mon Jul 25 08:50:32 +0000 2022,concerted move by the usual clowns saying i told you to buy SNAP before the quarter. Below last mention. https://t.co/eKpxeaGFQa,['SNAP'],NEGATIVE,0.9988338
30,1550534252881518592,Fri Jul 22 17:32:28 +0000 2022,"A glowing review for @FosforoMezcal! 

So proud of Lisa and the F√≥sforo team!

Read it: https://t.co/kPWDEBIybh
Tas‚Ä¶ https://t.co/BUewT208QF",['A'],POSITIVE,0.998748
31,1550490476331110400,Fri Jul 22 14:38:30 +0000 2022,So Spicy recession theory today... Incredible to me that SNAP can ruin everything when it is but a pimple in the vast scheme of things,['SNAP'],NEGATIVE,0.9970952
32,1550257184717553671,Thu Jul 21 23:11:29 +0000 2022,$SNAP has a feeling of being an evening newspaper,['$SNAP'],POSITIVE,0.98793024
33,1550146591067176960,Thu Jul 21 15:52:02 +0000 2022,"RT @Mme2964: @jimcramer @NYSE WOW ‚Ä¶ Congrats Jim !  
Thanks for All You do  !!!",['WOW'],POSITIVE,0.9986745
34,1550146419436257280,Thu Jul 21 15:51:21 +0000 2022,RT @gibbyz7: @jimcramer @FosforoMezcal Nice new TV set! Congrats,['TV'],POSITIVE,0.9986325
35,1550027415367438337,Thu Jul 21 07:58:28 +0000 2022,stick with Constellation. and this hot summer doesn't hurt $STZ either! https://t.co/KwXl5o7JJb,['$STZ'],POSITIVE,0.99855024
36,1550026903532322816,Thu Jul 21 07:56:26 +0000 2022,AMD keeps winning and still is not getting the respect it deserves https://t.co/uyaSjl3Fem,['AMD'],POSITIVE,0.9982606
37,1549690143828762626,Wed Jul 20 09:38:16 +0000 2022,Younger people in 2000-2001 lost everything because they invested in junk. We must stop that NOW before it is too l‚Ä¶ https://t.co/wZKjehHX1t,['NOW'],POSITIVE,0.98145044
38,1549689666571476993,Wed Jul 20 09:36:23 +0000 2022,Exactly. IBM at 14x with 5% yield is intriguing... JNJ break up obviates the need for close observation that would‚Ä¶ https://t.co/1FCqoJoIA3,"['IBM', 'JNJ']",POSITIVE,0.99816346
39,1549688461073989634,Wed Jul 20 09:31:35 +0000 2022,"@TheDomino thanks for the $IBM shout out. I thought that the selling was overdone on $IBM and $JNJ, a portfolio hol‚Ä¶ https://t.co/uhCjjyV5WU","['$IBM', '$IBM']",POSITIVE,0.99675244
40,1549474434553102337,Tue Jul 19 19:21:07 +0000 2022,"JNJ hurt so badly by strong dollar but i think it is worth owning,....",['JNJ'],POSITIVE,0.99795896
41,1549446472147550211,Tue Jul 19 17:30:00 +0000 2022,What caused $AAPL to move the market? @jeffmarkscnbc and I broke it down for CNBC Investing Club subscribers earlie‚Ä¶ https://t.co/tiNQ3aFMMs,['$AAPL'],POSITIVE,0.9968612
42,1549338195237675008,Tue Jul 19 10:19:45 +0000 2022,Intriguing and what license do i need? A fishing license? I have taught or have run money for 40 years Mr. TLAPDOG‚Ä¶ https://t.co/XalGlD8yxE,['A'],POSITIVE,0.9912319
43,1549301644948639744,Tue Jul 19 07:54:31 +0000 2022,"You can't have a Rio Tinto or a Vale or a FCX say things are great and expect the Fed is going to say ""we are done.‚Ä¶ https://t.co/CHZYEsNKPO",['FCX'],NEGATIVE,0.9932746
44,1549114137720004610,Mon Jul 18 19:29:26 +0000 2022,The legendary Ken Langone joining us for our first show at the @NYSE! Join us tonight at 6p ET https://t.co/WDq3Tovcsi,['ET'],POSITIVE,0.99879706
45,1549083380054114312,Mon Jul 18 17:27:13 +0000 2022,"RT @SquawkStreet: Today was a VERY special day that included a VERY special guest - @jimcramer's wife Lisa on the new #MadMoney set!

@CNBC‚Ä¶","['VERY', 'VERY']",POSITIVE,0.99876446
46,1549005042375659523,Mon Jul 18 12:15:55 +0000 2022,RT @CatholicLuis: @jimcramer Awesome! Welcome to NYC üëç. On Wall Street where you belong üëå,['NYC'],POSITIVE,0.9987184
47,1547722377051590657,Thu Jul 14 23:19:04 +0000 2022,A new dawn approaches‚Ä¶ see you Monday at the @NYSE! https://t.co/Y3VIRoBsv7,['A'],POSITIVE,0.99851996
48,1547579650594942986,Thu Jul 14 13:51:55 +0000 2022,So far JPM bringing down the whole shooting match. VIX almost 29 but the gasoline price!!!!! So positive,['JPM'],POSITIVE,0.99681324
49,1547569958296510464,Thu Jul 14 13:13:25 +0000 2022,JPM current very good; future big range...,['JPM'],POSITIVE,0.9986241
50,1547514638916624384,Thu Jul 14 09:33:36 +0000 2022,The dollar is crushing our exports to Japan and Europe and is making it very unfair for $GM and $F,"['$GM', '$F']",NEGATIVE,0.99850726
51,1546936675397505025,Tue Jul 12 19:16:58 +0000 2022,"For Constellation's big market, Texas, the hotter the better!!! Modelo, Corona, Pacifico... STZ is a terrific srock‚Ä¶ https://t.co/7fkZt9b8wT",['STZ'],POSITIVE,0.99877995
52,1545156862236151811,Thu Jul 07 21:24:38 +0000 2022,Tonight going into how so many got tech wrong and then how GME can really save itself,['GME'],POSITIVE,0.9964576
53,1545088168734740484,Thu Jul 07 16:51:40 +0000 2022,@ScottWapnerCNBC show is ON FIRE! Wow...  Feet to flame..,['ON'],POSITIVE,0.9984162
54,1544773313389633536,Wed Jul 06 20:00:33 +0000 2022,EOG might be the best coiled spring. Trust likes Pioneer...,['EOG'],POSITIVE,0.9986227
55,1544347445311770624,Tue Jul 05 15:48:18 +0000 2022,A new month! https://t.co/BYn8UrZhQ5,['A'],POSITIVE,0.9976865
56,1542555268172726272,Thu Jun 30 17:06:49 +0000 2022,"if you were on my call with Jensen about Nvidia's digital twin AI game changer, you would be buying not selling.",['AI'],POSITIVE,0.9968835
57,1542442784526827520,Thu Jun 30 09:39:51 +0000 2022,Fitting worst first half since 1970 given that we are in fighting inflation mode... RH and MU--scene setters? Read‚Ä¶ https://t.co/JFJh8TLOPv,['RH'],NEGATIVE,0.9978224
58,1542257555115839489,Wed Jun 29 21:23:49 +0000 2022,I am liking this top.... but this $RH news... ugh,['$RH'],POSITIVE,0.97195596
59,1539729479899267074,Wed Jun 22 21:58:09 +0000 2022,"RT @MadMoneyOnCNBC: 6p ET TONIGHT

@jimcramer‚Äôs talking exclusively with @Meta Founder &amp; CEO, Mark Zuckerberg, in a two-part interview that‚Ä¶",['ET'],POSITIVE,0.9972468
60,1539415262943911938,Wed Jun 22 01:09:34 +0000 2022,META,['META'],POSITIVE,0.9693293
61,1539211454104182785,Tue Jun 21 11:39:42 +0000 2022,"K snacks and K plant--lots to buy. Former... Utz? latter, myriad...","['K', 'K']",POSITIVE,0.99763924
62,1539179481130323968,Tue Jun 21 09:32:39 +0000 2022,Ridiculous disparity between where the Dow futures are and the Dow stocks are trading pre market. Stocks like UNH a‚Ä¶ https://t.co/6zjGgGHvPS,['UNH'],NEGATIVE,0.99869853
63,1537852489831260163,Fri Jun 17 17:39:40 +0000 2022,finally the seller of AMD is done.. amen,['AMD'],POSITIVE,0.99858284
64,1537842326856425477,Fri Jun 17 16:59:17 +0000 2022,AMD still is down.. which makes little sense in terms of how the company is doing.,['AMD'],NEGATIVE,0.9995
65,1537799275794538496,Fri Jun 17 14:08:12 +0000 2022,Charitable trust name AMD is DOWN. It was one week ago when they reiterated.. it is insane that that stock has fallen like this,['AMD'],NEGATIVE,0.99947643
66,1537444216837591045,Thu Jun 16 14:37:20 +0000 2022,"Day two here goes the PG, CLX.. so look for LLY and JNJ to go higher..owned by the charitable trust","['LLY', 'JNJ']",POSITIVE,0.9982411
67,1537426194005729280,Thu Jun 16 13:25:43 +0000 2022,"The Jay Powell critics want him to wear a hair suite, resign and go coach AA baseball",['AA'],NEGATIVE,0.999434
68,1537367878944575489,Thu Jun 16 09:33:59 +0000 2022,It would be highly unusual for someone selling Microsoft down 8 points and AMD down 4 and Nvidia down 7 and Qualcom‚Ä¶ https://t.co/2ElRGAbsTe,['AMD'],NEGATIVE,0.99860543
69,1536699286020292616,Tue Jun 14 13:17:14 +0000 2022,FDX dividend is solid; Coinbase is up-- check your emails for our buys,['FDX'],POSITIVE,0.99867606
70,1536403365973958656,Mon Jun 13 17:41:22 +0000 2022,$AMD just had an analyst meeting last Thursday. It was terrific. So much for that,['$AMD'],NEGATIVE,0.9932337
71,1535782564568645633,Sun Jun 12 00:34:31 +0000 2022,Great to be back and i am penning a special 15 lessons learned from SF for club members only that should go out tom‚Ä¶ https://t.co/2eoABlspBQ,['SF'],POSITIVE,0.9986606
72,1534935082149896199,Thu Jun 09 16:26:55 +0000 2022,A sneak peek at the CNBC Investing Club's Morning Meeting from early today... what's holding this market hostage?‚Ä¶ https://t.co/lJma6MFJ2p,['A'],NEGATIVE,0.9914193
73,1534130110894182400,Tue Jun 07 11:08:15 +0000 2022,Target chased inventory all the way up and got crushed in TVs and appliances... Remember COST can lower price if it‚Ä¶ https://t.co/qQ3Vb1HObn,['COST'],NEGATIVE,0.999309
74,1534110380883988481,Tue Jun 07 09:49:51 +0000 2022,Still astonished that $LLY only finished up $1.5 yesterday... That's really crazy...,['$LLY'],NEGATIVE,0.9968448
75,1533740660804636672,Mon Jun 06 09:20:43 +0000 2022,"Nah, Jimmy Chill comes to California to WORK!! A full week of shows from One Market... You gotta stay focused! Plus‚Ä¶ https://t.co/6gBgGCDiQ9",['A'],POSITIVE,0.9985484
76,1533566688943214592,Sun Jun 05 21:49:25 +0000 2022,theft is so bad here in SF that they line up to get into Ross to prevent theft. only so many go in at a time so pil‚Ä¶ https://t.co/gjgPmLgv1F,['SF'],NEGATIVE,0.99489844
77,1532494857536786433,Thu Jun 02 22:50:21 +0000 2022,"$LULU needs no asterisk.. Wow, they really know how to deliver.... one of the best run companies there is...",['$LULU'],POSITIVE,0.9987969
78,1532478747105976340,Thu Jun 02 21:46:20 +0000 2022,"RT @MadMoneyOnCNBC: The asterisk is a wonderful thing, but how can it impact your investing strategy? Find out tonight at 6p ET on @CNBC‚Ä¶",['ET'],POSITIVE,0.99492913
79,1532344885633744897,Thu Jun 02 12:54:24 +0000 2022,Update: @davidfaber documentary on $XOM looks to be on the June 22nd,['$XOM'],POSITIVE,0.9953576
80,1531920801695469569,Wed Jun 01 08:49:15 +0000 2022,"Watching the oils for the Investing Club... Don't forget $HAL which i could argue was the worst hit besides another fave, SLB","['$HAL', 'SLB']",NEGATIVE,0.9960673
81,1531810753459765250,Wed Jun 01 01:31:57 +0000 2022,"the action in AMC today from top to bottom is showing the frayed nature of the ""liked the movie, buy the movie hous‚Ä¶ https://t.co/wH6g10sWnZ",['AMC'],NEGATIVE,0.9977955
82,1531742893546909698,Tue May 31 21:02:18 +0000 2022,HP and CRM--we have them both and they are flying in after-yours trading!,['HP'],POSITIVE,0.99881744
83,1530355271851077633,Sat May 28 01:08:24 +0000 2022,A Friday feeling featuring @FosforoMezcal https://t.co/q7VWes0LRg,['A'],POSITIVE,0.9985063
84,1530238087741202435,Fri May 27 17:22:45 +0000 2022,A salute to my friend Larry Williams for helping @MadMoneyOnCNBC watchers and investing club members for calling th‚Ä¶ https://t.co/6Evna9SCIV,['A'],POSITIVE,0.9986545
85,1530206426634780676,Fri May 27 15:16:56 +0000 2022,"Again, traders sell COST but investors buy it and recognize it as a winner.",['COST'],POSITIVE,0.9987368
86,1529912497431511041,Thu May 26 19:48:58 +0000 2022,the strength in Facebook post SNAP shows the power of a potential non-advertising component,['SNAP'],POSITIVE,0.9984171
87,1529830342462513154,Thu May 26 14:22:31 +0000 2022,Fed starting to impact this most important sector even as TOL reports great numbers.. Good confluence https://t.co/uDVN0J885K,['TOL'],POSITIVE,0.99871826
88,1529819845692366848,Thu May 26 13:40:48 +0000 2022,"Club members please read our note on $NVDA Nvidia, his morning, verifying the work that Jensen is doing",['$NVDA'],POSITIVE,0.9983059
89,1529163912452644865,Tue May 24 18:14:21 +0000 2022,BBY was a pretty good q,['BBY'],POSITIVE,0.9986969
90,1527679812252360704,Fri May 20 15:57:04 +0000 2022,This AMAT call is really playing havoc with the semis.. but it is really only low end p.c.s and cellphones and televisions!!!,['AMAT'],NEGATIVE,0.9991936
91,1527558297200508928,Fri May 20 07:54:13 +0000 2022,"The AMAT call will be such a test because, like so many other techs, if China comes back on line you will make a qu‚Ä¶ https://t.co/zXAhOUlcSs",['AMAT'],NEGATIVE,0.99626106
92,1527471754368647170,Fri May 20 02:10:19 +0000 2022,The AMAT call was very informative about the complexities of the moment v. the long term. The Ross Stores call was‚Ä¶ https://t.co/QSqLtWGUvn,['AMAT'],POSITIVE,0.99859095
93,1524550688302370816,Thu May 12 00:43:03 +0000 2022,"oh my, like the GM kiss of death, Cathie Wood buys another 550,000 Coinbase....",['GM'],NEGATIVE,0.990128
94,1524473205821480960,Wed May 11 19:35:10 +0000 2022,"A five year time horizon is a total cop-out, just an unfair, hokum way to attract money and I despise it. Where was‚Ä¶ https://t.co/l344WEqZ1V",['A'],NEGATIVE,0.9994734
95,1524118100412706816,Tue May 10 20:04:06 +0000 2022,Upstart... thoughts??? SYY doing well... Vlad on Biohaven!!! what a how...,['SYY'],POSITIVE,0.99849385
96,1522713640348319744,Fri May 06 23:03:17 +0000 2022,"Both the Sempra and MP Materials stories are very strong.. the first one, with an energy kicker, could be a really‚Ä¶ https://t.co/6GGnPoecWV",['MP'],POSITIVE,0.9986276
97,1521973221716860934,Wed May 04 22:01:07 +0000 2022,"RT @SquawkStreet: AMD sales jumped 71%, shrugging off concerns about PC slowdown.

CEO Lisa Su joined to discuss the company's quarter, gro‚Ä¶",['AMD'],POSITIVE,0.9987564
98,1521786641278513152,Wed May 04 09:39:43 +0000 2022,$AMD is a high performance computing semiconductor company that also sells high end p.c. chips. Intel is a p.c. chi‚Ä¶ https://t.co/TAFxvGXfFl,['$AMD'],POSITIVE,0.99776816
99,1521675700121526272,Wed May 04 02:18:52 +0000 2022,I am sure there will be people who find fault with the excellent quarter that $SWKS put up and some might extend th‚Ä¶ https://t.co/Z4SgKfM9LC,['$SWKS'],POSITIVE,0.9986472
100,1521660811768475649,Wed May 04 01:19:43 +0000 2022,$ABNB might be the best of that crop of companies that came public during those wild times...,['$ABNB'],POSITIVE,0.9981888
101,1521659503841787911,Wed May 04 01:14:31 +0000 2022,"I think the $AMD quarter will stand out as a breakout for the company leaving low-end p.c.'s behind...
 https://t.co/BG3yaVg0q4",['$AMD'],POSITIVE,0.9987636
102,1521605154453217284,Tue May 03 21:38:33 +0000 2022,Will the sellers surface on $AMD even if they have no reason to do so??,['$AMD'],NEGATIVE,0.9989375
103,1521597189616816128,Tue May 03 21:06:54 +0000 2022,RT @Abuvural: Thank you @jimcramer and @jeffmarkscnbc $CTRA and $DVN amazing picks for the #investingclub well done and very grateful.,"['$CTRA', '$DVN']",POSITIVE,0.99878514
104,1521423571322642432,Tue May 03 09:37:00 +0000 2022,Both ON Semi and NXPI had great numbers and QCOM--a club name-won a huge contract from VW. All auto related. Keys names to watch...,"['ON', 'NXPI']",POSITIVE,0.99862796
105,1521419226120167424,Tue May 03 09:19:44 +0000 2022,i spot the stock of Clorox on WEX !,['WEX'],POSITIVE,0.9927846
106,1521237543643136000,Mon May 02 21:17:48 +0000 2022,"these two semis are so important to the complex. QCOM is, too https://t.co/F40foSMJR8",['QCOM'],POSITIVE,0.9985717
107,1521230850876227586,Mon May 02 20:51:12 +0000 2022,if you do anything tonight you MUST MUST MUST watch AVAV and what we are doing to NOT help the Ukrainians fast enough with DRONES,['AVAV'],NEGATIVE,0.85839623
108,1520050118149484544,Fri Apr 29 14:39:23 +0000 2022,"RT @berthacoombs: Meantime, a selling reprieve for $TDOC and its largest investor this morning $ARKK. https://t.co/jyHkv7opQo",['$TDOC'],POSITIVE,0.9907587
109,1519594169228009474,Thu Apr 28 08:27:37 +0000 2022,$FB figured out AI substitute for its old data and has improved Reels to the point that TikTok has a worthy competi‚Ä¶ https://t.co/cA1UeIUta1,['AI'],POSITIVE,0.9974403
110,1519360617106317318,Wed Apr 27 16:59:34 +0000 2022,"RT @EricJhonsa: $NFLX is now worth just ~$370 per paid sub. That doesn't mean it can't get cheaper in the short-term, but this is as cheap‚Ä¶",['$NFLX'],NEGATIVE,0.99937505
111,1519145799623577601,Wed Apr 27 02:45:57 +0000 2022,good set of stats... especially for those who are giving up right now and going all CD https://t.co/Jp9syxaIPo,['CD'],POSITIVE,0.99873805
112,1519145485734486016,Wed Apr 27 02:44:42 +0000 2022,i am loving this Chippy AI story for $CMG which has a great q and is getting better...,"['AI', '$CMG']",POSITIVE,0.99884844
113,1519079655520751618,Tue Apr 26 22:23:07 +0000 2022,"$MSFT fine, GOOGL takes some getting used to, $CMG nice","['$MSFT', 'GOOGL', '$CMG']",POSITIVE,0.99148285
114,1518871062502649857,Tue Apr 26 08:34:15 +0000 2022,A couple of weeks ago we featured the work of the legendary Larry Williams who told us that today is a very key day‚Ä¶ https://t.co/TIQvQjCgoS,['A'],POSITIVE,0.99737966
115,1518511769559482368,Mon Apr 25 08:46:33 +0000 2022,"RT @WilfredFrost: Messy Monday for markets. European indices down sharply (1-2%), but nothing on the HUGE 5% slide for Shanghai - takes Sha‚Ä¶",['HUGE'],NEGATIVE,0.9990305
116,1518297435637833728,Sun Apr 24 18:34:51 +0000 2022,"@EricTopol Does the Chinese lockdown sans U.S. MRNA make any sense to you, to anyone? Why spurn the JNJ vaccine?","['MRNA', 'JNJ']",NEGATIVE,0.9980784
117,1517495362994552832,Fri Apr 22 13:27:42 +0000 2022,nothing is working but this $AXP is so good,['$AXP'],POSITIVE,0.99751955
118,1517495168085209090,Fri Apr 22 13:26:56 +0000 2022,Here is how things bottom: Facebook every  analyst has to cut numbers and PT and get DOWNGRADES. We don't have the‚Ä¶ https://t.co/A8zFlzTY7z,['PT'],NEGATIVE,0.9992963
119,1517408544957603840,Fri Apr 22 07:42:43 +0000 2022,You had to appreciate the potential that SNAP has and in another environment you would give them credit for all the‚Ä¶ https://t.co/R67k5QL12f,['SNAP'],NEGATIVE,0.9937145
120,1517203994246004742,Thu Apr 21 18:09:55 +0000 2022,The semis continue to be the whipping boy every time interest rates head up. Nvidia and AMD have no real bottom...y‚Ä¶ https://t.co/6r8oIMk9e6,['AMD'],NEGATIVE,0.9974251
121,1516869325415723008,Wed Apr 20 20:00:03 +0000 2022,"RT @ScottWapnerCNBC: I can't wait for @CNBCOvertime. 

Between the breaking $TSLA earnings and my Exclusive interview with former @Twitter‚Ä¶",['$TSLA'],POSITIVE,0.9971781
122,1516869164425793545,Wed Apr 20 19:59:25 +0000 2022,tremendous FANG etf action today. There are a ton of them....,['FANG'],POSITIVE,0.9969419
123,1516867164321591300,Wed Apr 20 19:51:28 +0000 2022,"RT @BillEnright: Imagine the level of ignorance to think Fantasy Football is a hobby only for nerds.

A billion-dollar industry played by o‚Ä¶",['A'],NEGATIVE,0.5969546
124,1516779429057667078,Wed Apr 20 14:02:50 +0000 2022,"considerable numbers of people will use any lift-JNJ yesterday, $PG today, to sell... it's so negative out there",['$PG'],NEGATIVE,0.99152875
125,1516711364898787328,Wed Apr 20 09:32:23 +0000 2022,"The key earnings report may have been the ASML semi equipment demand number which is VERY strong. AMAT, LRCX, KLAC.‚Ä¶ https://t.co/rlbcKroX26","['ASML', 'VERY']",POSITIVE,0.9979152
126,1516702662309384194,Wed Apr 20 08:57:48 +0000 2022,Piper comes out HARD to buy club name $NVDA and says Nvidia is going to be buying back a lot of shares... I don't t‚Ä¶ https://t.co/79tHkkgiah,['$NVDA'],POSITIVE,0.9961431
127,1516589251202273284,Wed Apr 20 01:27:09 +0000 2022,On Mad tonight I continue to believe that $BAC was the best other than $MS... I like the $PLUG for spec and Prologi‚Ä¶ https://t.co/0WBK0d9VBX,"['$BAC', '$PLUG']",POSITIVE,0.9986833
128,1516589013926387718,Wed Apr 20 01:26:12 +0000 2022,IBM did a very good job although there will be confusion over consulting lines.. I thought Halliburton was amazing‚Ä¶ https://t.co/R45GlM8XHY,['IBM'],POSITIVE,0.9987487
129,1516324752641638404,Tue Apr 19 07:56:07 +0000 2022,I know there was dissension about the bank earnings but i thought that $BAC and $MS were exceptional and $GS very g‚Ä¶ https://t.co/6NNawO7M8R,"['$BAC', '$MS', '$GS']",POSITIVE,0.99886584
130,1514697846515187717,Thu Apr 14 20:11:22 +0000 2022,"Look, until $GME/$AMC i enjoyed almost every single interaction with my followers. Since then the endless suggestio‚Ä¶ https://t.co/dgppmR9ut6",['$GME/$AMC'],NEGATIVE,0.9978519
131,1514693966238732290,Thu Apr 14 19:55:57 +0000 2022,"@elonmusk i will take A, B or C if it is from Elon Musk https://t.co/YoyzIoP52g","['B', 'C']",POSITIVE,0.9968141
132,1514689093493477376,Thu Apr 14 19:36:36 +0000 2022,We are up big on $WFC and do not want to take the capital gain. We want to hold management accountable as they shou‚Ä¶ https://t.co/W5SbL2OTtl,['$WFC'],POSITIVE,0.9886966
133,1514685534169444356,Thu Apr 14 19:22:27 +0000 2022,We hold $WFC because we expected so much more from Charlie. It is time for him to deliver and not talk about Ukrain‚Ä¶ https://t.co/R6S1GbvTjr,['$WFC'],NEGATIVE,0.9933417
134,1514217573327556613,Wed Apr 13 12:22:56 +0000 2022,BBBY numbers for this q starting off slowly... it is all SOTP v. (bad) earnings,['BBBY'],"text
BBBY numbers for this q starting off slowly... it is all SOTP v. (bad) earnings    NEGATIVE
BBBY numbers for this q starting off slowly... it is all SOTP v. (bad) earnings    NEGATIVE
Name: label, dtype: object","text
BBBY numbers for this q starting off slowly... it is all SOTP v. (bad) earnings    0.999473
BBBY numbers for this q starting off slowly... it is all SOTP v. (bad) earnings    0.999473
Name: score, dtype: float32"
135,1514217573327556613,Wed Apr 13 12:22:56 +0000 2022,BBBY numbers for this q starting off slowly... it is all SOTP v. (bad) earnings,['BBBY'],"text
BBBY numbers for this q starting off slowly... it is all SOTP v. (bad) earnings    NEGATIVE
BBBY numbers for this q starting off slowly... it is all SOTP v. (bad) earnings    NEGATIVE
Name: label, dtype: object","text
BBBY numbers for this q starting off slowly... it is all SOTP v. (bad) earnings    0.999473
BBBY numbers for this q starting off slowly... it is all SOTP v. (bad) earnings    0.999473
Name: score, dtype: float32"
136,1514214229385138184,Wed Apr 13 12:09:39 +0000 2022,$BBBY  SOTP is bigger than where it is after the buy back which takes share count to 80 million. What will‚Ä¶ https://t.co/6zfhWHFTOF,['$BBBY'],POSITIVE,0.997184
137,1514017481324703744,Tue Apr 12 23:07:51 +0000 2022,It's amazing that Carmax was almost up at one point. The question is will others follow suit... or is KMX an outlie‚Ä¶ https://t.co/eTHe70Gtfk,['KMX'],POSITIVE,0.994837
138,1512826776023674893,Sat Apr 09 16:16:25 +0000 2022,they like the retailers and consumer packaged goods stocks and the action in PG https://t.co/zFmqIsQz6H,['PG'],POSITIVE,0.99842274
139,1512426702265274370,Fri Apr 08 13:46:40 +0000 2022,"R.I.P. Michael Neidorff, one of the greatest people i have ever met. More healthcare for all.. And charity? A lesson for all",['A'],POSITIVE,0.9965374
140,1512162052218970116,Thu Apr 07 20:15:02 +0000 2022,Target--on a recommendation.. EW downgraded the other day..,['EW'],NEGATIVE,0.99939203
141,1511819723620683782,Wed Apr 06 21:34:45 +0000 2022,A bullish VIX read?,['A'],POSITIVE,0.9974503
142,1510978822253985797,Mon Apr 04 13:53:18 +0000 2022,Anyone understand the bid underneath Paypal $PYPL,['$PYPL'],NEGATIVE,0.98010564
143,1510976787467149325,Mon Apr 04 13:45:13 +0000 2022,Endless selling in $AMD shows people aren't even listening to this NewCo that Lisa Su has put together. Sure you ca‚Ä¶ https://t.co/42XvuTbspM,['$AMD'],NEGATIVE,0.99943745
144,1509841415462866952,Fri Apr 01 10:33:39 +0000 2022,"Will I Am! Delight to hear from you. Yes, i am so impressed by a split at $GME that I might book Jane Goodall again. https://t.co/sIb6XQ25hc",['$GME'],POSITIVE,0.99858326
145,1509636012003188740,Thu Mar 31 20:57:27 +0000 2022,like the cruise idea!!! People love that!! I AM SO EXCITED ABOUT THIS!!!  Club members get ready!!! so many nice pe‚Ä¶ https://t.co/US8s49yi3s,"['AM', 'SO']",POSITIVE,0.998823
146,1509630142318063624,Thu Mar 31 20:34:08 +0000 2022,"look here's the truth. Before Gamestop and AMC became what they are, i enjoyed the back and forth with thousands of‚Ä¶ https://t.co/U8Fy82z8JT",['AMC'],POSITIVE,0.9945767
147,1509573023757651969,Thu Mar 31 16:47:10 +0000 2022,I want in on AMD,['AMD'],POSITIVE,0.99716204
148,1509565652981489671,Thu Mar 31 16:17:52 +0000 2022,RT @valraffle: @jimcramer Love RCL cruises.  I‚Äôm like a platinum club member with them! And I love Cramer!!!üíïüö¢,['RCL'],POSITIVE,0.99885005
149,1509565626104299528,Thu Mar 31 16:17:46 +0000 2022,RT @anzosecurities: @jimcramer @jimcramer It would be an honour Sir! A once in a lifetime experience.,['A'],POSITIVE,0.9980446
150,1509565536522453004,Thu Mar 31 16:17:24 +0000 2022,RT @leafsmainiac: @jimcramer That‚Äôs a great idea!  Let me know where and when BTW I have been invested in CCL for many years.  A great prod‚Ä¶,"['CCL', 'A']",POSITIVE,0.99787265
151,1509534272620793857,Thu Mar 31 14:13:11 +0000 2022,Has to be a merger and $WBA market cap has fallen so far it can't afford $CNC https://t.co/mWT2zRgpzO,"['$WBA', '$CNC']",NEGATIVE,0.99805677
152,1509463679321915398,Thu Mar 31 09:32:40 +0000 2022,"Yes, i think that , long-term, $TELL is a terrific stock to put away.... unless you think Germany is going back to coal",['$TELL'],POSITIVE,0.99866664
153,1508919282889015309,Tue Mar 29 21:29:26 +0000 2022,RH now making a huge run.. you cannot make decisions on stocks without listening to the full conference call.,['RH'],POSITIVE,0.998517
154,1508903417162436609,Tue Mar 29 20:26:23 +0000 2022,"$LULU great outlook, $MU solid, $RH not so solid, $CHWY (ryan) bad","['$LULU', '$MU', '$RH', '$CHWY']",POSITIVE,0.9769518
155,1508794791785607171,Tue Mar 29 13:14:45 +0000 2022,"RT @berthacoombs: $UNH $5.6 Billion deal for $LHCG underscores importance of homecare for Medicare Advantage players. 
Seeing homecare prov‚Ä¶","['$UNH', '$LHCG']",POSITIVE,0.99766237
156,1508574581166125077,Mon Mar 28 22:39:42 +0000 2022,I like ABMD as i like EW.. expensive but great companie!!!!!,['ABMD'],POSITIVE,0.998901
157,1508073053560967168,Sun Mar 27 13:26:49 +0000 2022,"RT @DanRDimicco: 5.. A March report from her office said China had ""doubled down on its harmful trade &amp; economic abuses.""#Beijing has faile‚Ä¶",['A'],NEGATIVE,0.9976772
158,1506992755863695374,Thu Mar 24 13:54:06 +0000 2022,Apes: what's the deal. $GME coming down. Sellers in $AMC ahead of cool movie slate. HOLD!,"['$GME', '$AMC']",POSITIVE,0.991443
159,1506960097536364548,Thu Mar 24 11:44:19 +0000 2022,Apes stay strong; no selling $GME and AMC... HOLD!!!,['$GME'],POSITIVE,0.99872684
160,1506817054711689222,Thu Mar 24 02:15:55 +0000 2022,working these KB Homes numbers to figure out if things are so strong why aren't they buying back stock at well belo‚Ä¶ https://t.co/fBv5uMq98U,['KB'],POSITIVE,0.9950884
161,1506707077883961346,Wed Mar 23 18:58:55 +0000 2022,"Remember, no profit taking in AMC or GME allowed. You will ruin it for everybody!","['AMC', 'GME']",NEGATIVE,0.9992588
162,1506389625773957130,Tue Mar 22 21:57:28 +0000 2022,memo to Ryan Cohen: just take BBBY and GME private already..Create joy!!!!,"['BBBY', 'GME']",POSITIVE,0.9972831
163,1506234668319924227,Tue Mar 22 11:41:44 +0000 2022,Jimmy Chill says just because you were long WISH don't take it out on me https://t.co/8cZyOusyEZ,['WISH'],NEGATIVE,0.9954823
164,1504904225301700610,Fri Mar 18 19:35:01 +0000 2022,Can't wait to be on Overtime with @ScottWapnerCNBC at 4:00 sharp. Bringing A game,['A'],POSITIVE,0.99880606
165,1504498534774624257,Thu Mar 17 16:42:57 +0000 2022,RT @Romaninterest: @jimcramer Even my 4yr old noticed you on IRON MAN 1 . We love you and thank you for what you‚Äôve done for us .,['MAN'],POSITIVE,0.99887097
166,1504456275576471558,Thu Mar 17 13:55:02 +0000 2022,"My plan when i retire which, sadly for you, will not be for a long time, is to do a biography of General ID Chernya‚Ä¶ https://t.co/TS1h0KAxQL",['ID'],POSITIVE,0.9823433
167,1504448425890308101,Thu Mar 17 13:23:50 +0000 2022,AVAV must discuss offensive not just defensive weapons with Mr. President,['AVAV'],NEGATIVE,0.9920071
168,1503730162818592781,Tue Mar 15 13:49:43 +0000 2022,the empty chair is back! $AMC,['$AMC'],NEGATIVE,0.9994434
169,1503484591176253441,Mon Mar 14 21:33:54 +0000 2022,"We buy everything from the Chinese, how could they not buy the PFE or MRNA vaccines. Why are they willing to shutdo‚Ä¶ https://t.co/lhwBq2yBl2","['PFE', 'MRNA']",NEGATIVE,0.99755085
170,1503483627279106060,Mon Mar 14 21:30:04 +0000 2022,"I am with Eric on some of these names, especially $QCOM which is being obliterated https://t.co/PsQYUqiNG6",['$QCOM'],NEGATIVE,0.99545693
171,1503441620418678788,Mon Mar 14 18:43:09 +0000 2022,"A big day at CNBC! Excited to see my friends @SaraEisen and @ScottWapnerCNBC in a revamped Closing Bell, today star‚Ä¶ https://t.co/NSyCSMvp7Z",['A'],POSITIVE,0.99885494
172,1503437678137729027,Mon Mar 14 18:27:29 +0000 2022,RT @CNBCClosingBell: An exciting day at CNBC! The launch of a revamped Closing Bell at 3p with @SaraEisen and the new CB Overtime at 4p wit‚Ä¶,['CB'],POSITIVE,0.9987354
173,1502003369233244165,Thu Mar 10 19:28:03 +0000 2022,A very interesting piece... I like this idea https://t.co/6IeMzXFHjH,['A'],POSITIVE,0.99841505
174,1499806403447427072,Fri Mar 04 17:58:06 +0000 2022,"Talking to Devon Energy CEO, Rick Muncrief right NOW in our third Monthly Meeting for the CNBC Investing Club. 

Su‚Ä¶ https://t.co/BssPXNI2ld",['NOW'],POSITIVE,0.9970189
175,1499362845523431429,Thu Mar 03 12:35:33 +0000 2022,The other side of $SNOW this morning at @SquawkStreet,['$SNOW'],POSITIVE,0.82159394
176,1499113622634733568,Wed Mar 02 20:05:14 +0000 2022,If you sold $AMD yesterday you most likely sold a lot of it to Lisa Su and AMD,"['$AMD', 'AMD']",NEGATIVE,0.9977033
177,1499033580038758409,Wed Mar 02 14:47:10 +0000 2022,China opening--- SBUX.. NKE good,['NKE'],POSITIVE,0.9986518
178,1498397981745328133,Mon Feb 28 20:41:32 +0000 2022,I cannot recall a time when something bad happened in Europe and Citi and JPM didn't go down,['JPM'],NEGATIVE,0.9987458
179,1498314488600276999,Mon Feb 28 15:09:46 +0000 2022,cyber up again... WDAY as a tell for CRM...  Meanwhile ABBV- ABT divergence,"['WDAY', 'ABT']",NEGATIVE,0.9881783
180,1498312033342738434,Mon Feb 28 15:00:00 +0000 2022,"A lot to discuss in the Morning Meeting coming up at 10:20a ET. 

Subscribers to the CNBC Investing Club can join u‚Ä¶ https://t.co/MbR7jptFHd",['A'],POSITIVE,0.99833024
181,1498301011655544834,Mon Feb 28 14:16:12 +0000 2022,encouraging panic is acceptable in the media.  That's just a travesty but Youtube makes it smart.. A la Putin buddy Tucker Carlson....,['A'],NEGATIVE,0.99673736
182,1496958639160107012,Thu Feb 24 21:22:06 +0000 2022,critical reversal day and then $AMD announces a gigantic buyback.. This WITH XLNX just getting started,['$AMD'],NEGATIVE,0.9926283
183,1496537900489621510,Wed Feb 23 17:30:14 +0000 2022,A classic moment https://t.co/EKx4ijzJVd,['A'],POSITIVE,0.9984478
184,1494643021811486723,Fri Feb 18 12:00:40 +0000 2022,Jeff Curie on squawk box from Goldman strong case foe copper which is still FCX,['FCX'],POSITIVE,0.9955994
185,1494443145567817732,Thu Feb 17 22:46:25 +0000 2022,"RT @carlquintanilla: A high-end restaurant ‚Äúmight still get executives using their expense accounts, but they‚Äôre not getting the secretarie‚Ä¶",['A'],NEGATIVE,0.9970142
186,1494409841066053642,Thu Feb 17 20:34:05 +0000 2022,A gentleman now talking about how there hasn't been margin improvement for companies. I interviewed three ceos toda‚Ä¶ https://t.co/Wexgz7tUyz,['A'],NEGATIVE,0.9962924
187,1494360107869560857,Thu Feb 17 17:16:28 +0000 2022,@ScottWapnerCNBC HAS SHE EVER BEEN WRONG?,"['HAS', 'EVER']",NEGATIVE,0.98861855
188,1494327315043536907,Thu Feb 17 15:06:09 +0000 2022,"A couple of big reports to discuss in our Morning Meeting‚Ä¶ subscribers to the club can join us at 10:20a ET here ‚¨áÔ∏è

https://t.co/aFq3lCyIMU","['A', 'ET']",POSITIVE,0.9984091
189,1494326124360261638,Thu Feb 17 15:01:25 +0000 2022,DASH on tap,['DASH'],POSITIVE,0.99778694
190,1494069347496648720,Wed Feb 16 22:01:05 +0000 2022,the sellers of NVDA may just be playing the high multiple sell game,['NVDA'],NEGATIVE,0.99851304
191,1494037678043676681,Wed Feb 16 19:55:14 +0000 2022,check your inbox club members--some good stuff on a new name and on DVN (Devon),['DVN'],POSITIVE,0.99757123
192,1493679582330998786,Tue Feb 15 20:12:18 +0000 2022,Jimmy Chill thinks it is hilarious that so many people claimed to bet against me this morning on AMD when it was un‚Ä¶ https://t.co/f5MW0AlKPm,['AMD'],POSITIVE,0.99383616
193,1493675154404171784,Tue Feb 15 19:54:42 +0000 2022,While our AMD call on our Morning Meeting worked well we would still not be a seller ... CNBC Investing Club,['AMD'],POSITIVE,0.9959037
194,1493648030205157377,Tue Feb 15 18:06:55 +0000 2022,Dr. J talked about how $AMD is worth buying calls on. Today the Xilinx arbs are blowing it all out as that deal is‚Ä¶ https://t.co/luswnhytej,"['J', '$AMD']",NEGATIVE,0.9942502
195,1493646494376898568,Tue Feb 15 18:00:49 +0000 2022,the news about Boeing IS good. Crazy not to think that... FAA was always going to be the last word. Which is why th‚Ä¶ https://t.co/DCF8z2D6NL,['IS'],NEGATIVE,0.9867646
196,1493558265589944322,Tue Feb 15 12:10:14 +0000 2022,"You must read ""the Maltese Falcon"" by Michael Cembalest  from JPM",['JPM'],POSITIVE,0.9975259
197,1491811821099048966,Thu Feb 10 16:30:29 +0000 2022,RT @st_broker: @jimcramer Happy birthday chillmaster J. A big hug from your Canadian fan club. Have an amazing day.,['A'],POSITIVE,0.9988202
198,1491421510724202500,Wed Feb 09 14:39:32 +0000 2022,Getting fired up for The Morning Meeting even on vacation.. some specifics about why BHC is right to buy,['BHC'],POSITIVE,0.99882245
199,1491104893272485891,Tue Feb 08 17:41:24 +0000 2022,"RT @IndependentInkR: @jimcramer It was great to see Lisa Su @LisaSu, to hear all about $AMD &amp; it‚Äôs future! I‚Äôve got at least 20 yrs to reti‚Ä¶",['$AMD'],POSITIVE,0.9986716
200,1489644734322819076,Fri Feb 04 16:59:15 +0000 2022,"Our CNBC Investing Club Monthly Meeting is coming up at 12:30p ET exclusively for subscribers to the club. 

If you‚Ä¶ https://t.co/aMaK5dJpM9",['ET'],POSITIVE,0.9982312
201,1489402343040991237,Fri Feb 04 00:56:04 +0000 2022,RT @KrackerJack58: @jimcramer  Great interview tonight with WM sure like that CEO and love what they are doing and I agree they don't get e‚Ä¶,['WM'],POSITIVE,0.9987809
202,1489351081268326409,Thu Feb 03 21:32:23 +0000 2022,$QCOM up huge in after hours like so many others...,['$QCOM'],POSITIVE,0.9907575
203,1489011322968813570,Wed Feb 02 23:02:18 +0000 2022,After hours QCOM exciting--on @MadMoneyOnCNBC tomorrow night!!!,['QCOM'],POSITIVE,0.9986314
204,1488965780058386439,Wed Feb 02 20:01:20 +0000 2022,"RT @michaelmina_lab: 21/ 
Finally:
#COVID19 #RapidTest self-experiment complete:

50 rapid Ag tests later!

Conclusions

‚Ä¢¬†ALL of the rapid‚Ä¶",['ALL'],POSITIVE,0.99624735
205,1488897991415054339,Wed Feb 02 15:31:58 +0000 2022,"Coming up on Friday, I‚Äôm sitting down with AMD CEO, Lisa Su, fresh off the co.‚Äôs blowout earnings report in our sec‚Ä¶ https://t.co/TIxRRmZxD3",['AMD'],POSITIVE,0.9984254
206,1488877918935818242,Wed Feb 02 14:12:12 +0000 2022,RT @bespokeinvest: $GOOGL is on pace for its largest upside gap in reaction to earnings since 2015.  https://t.co/tMN6kmgQes https://t.co/R‚Ä¶,['$GOOGL'],POSITIVE,0.9983504
207,1488877883988877318,Wed Feb 02 14:12:04 +0000 2022,"Barra telling a good story, GM",['GM'],POSITIVE,0.99867576
208,1488812655133564930,Wed Feb 02 09:52:52 +0000 2022,"@ArjunKharpal I was stunned about how AR and their own forms of machine learning just crushed it in search, they li‚Ä¶ https://t.co/Tg6EiSCaPx",['AR'],NEGATIVE,0.9948805
209,1488811272590315524,Wed Feb 02 09:47:22 +0000 2022,We will explore the AMD/GOOGL success and the PYPL fiasco in our 10:20 Morning Meeting for members only. You need t‚Ä¶ https://t.co/L62UaleuqS,['PYPL'],POSITIVE,0.9978799
210,1488799251790454791,Wed Feb 02 08:59:36 +0000 2022,"Not too hard: Alphabet was perfect, AMD was pretty terrific if not unbelievable. Starbucks was heroic and Paypal wa‚Ä¶ https://t.co/s8GdIKMqPk",['AMD'],POSITIVE,0.9983903
211,1488666967976333312,Wed Feb 02 00:13:57 +0000 2022,Where did that seller of AMD at $100 go? Bring that fellow back.... We need that stock!!!  Cnbc investing club!,['AMD'],NEGATIVE,0.9905482
212,1488435726094118912,Tue Feb 01 08:55:05 +0000 2022,Can Cathie Wood get her groove back? A serious look at the holdings of a once leading fund manager... Tonight...,['A'],POSITIVE,0.9986574
213,1488221027029168136,Mon Jan 31 18:41:57 +0000 2022,RT @slyther3: Hey @jimcramer you are in the Monday NYT Crossword! https://t.co/3o6JFVC8jd,['NYT'],POSITIVE,0.99234575
214,1488214669785710593,Mon Jan 31 18:16:41 +0000 2022,Where did that AMD seller at $100 go? What an idiot,['AMD'],NEGATIVE,0.9994663
215,1487184151128195077,Fri Jan 28 22:01:46 +0000 2022,coda on AMD which i hope you bought after the five entries i made from here when it was down-i promise you that sel‚Ä¶ https://t.co/RKfT2Ep5Kn,['AMD'],POSITIVE,0.9972891
216,1487159809224892422,Fri Jan 28 20:25:03 +0000 2022,Humor me: where did the gigantic seller of AMD go? Why isn't he out here NOW with all of this buying? Because he's‚Ä¶ https://t.co/lX2AmFfZRd,"['AMD', 'NOW']",NEGATIVE,0.99597013
217,1487146992782528526,Fri Jan 28 19:34:07 +0000 2022,"Sometimes when i see the AMD decline i want to call up the sellers and say ""can you please share your negativity with the class?""",['AMD'],NEGATIVE,0.99853307
218,1487146351687348229,Fri Jan 28 19:31:34 +0000 2022,"As usual, the AMD afternoon decline is as sickening as ever ..",['AMD'],NEGATIVE,0.99786234
219,1487130782980259842,Fri Jan 28 18:29:42 +0000 2022,"There may be a reason that $AMD goes down every day, and that sellers can't resist exiting but i sure don't know it‚Ä¶ https://t.co/aK2tuvOwKm",['$AMD'],NEGATIVE,0.99849784
220,1487088487358771201,Fri Jan 28 15:41:38 +0000 2022,"RT @SquawkStreet: As $HOOD looks to recover from Thursday's net loss, @JimCramer says they need to rethink their business.

""I believed in‚Ä¶",['$HOOD'],NEGATIVE,0.9975563
221,1487062820269264897,Fri Jan 28 13:59:39 +0000 2022,"RT @SquawkCNBC: ""I still think that we haven't had the 'give up' that I'd like to see,"" says @JimCramer. ""Dow stock $V fantastic, Dow stock‚Ä¶",['$V'],POSITIVE,0.9971036
222,1486739291363491845,Thu Jan 27 16:34:03 +0000 2022,Memo to sellers of the semis away from Intel. I believe that you are mistaken to sell AMD and Nvidia and i will mak‚Ä¶ https://t.co/ppVHhSQcMP,['AMD'],NEGATIVE,0.99801964
223,1486735723571068928,Thu Jan 27 16:19:53 +0000 2022,and the winners are AMD and Nvidia! https://t.co/tfQe4NkOgM,['AMD'],POSITIVE,0.9984724
224,1486669666793705474,Thu Jan 27 11:57:24 +0000 2022,"AMD gets what the bulls want--Xilinx--and market sells off. Okay, let's just get stupid.",['AMD'],NEGATIVE,0.9988266
225,1486466351929643008,Wed Jan 26 22:29:30 +0000 2022,A great guy! https://t.co/qjOqlnkPle,['A'],POSITIVE,0.9985764
226,1486393977062449154,Wed Jan 26 17:41:54 +0000 2022,RT @carlquintanilla: MORGAN STANLEY: ‚Äú.. one should not ignore that $DKNG is a leading market share player in what will be a very large pro‚Ä¶,['$DKNG'],POSITIVE,0.99481815
227,1486286006437433351,Wed Jan 26 10:32:52 +0000 2022,"Ukraine facts: U.S. can't divert LNG to Germany, The Germans aren't set up for it, totally chimerical, even embarrassing,",['LNG'],NEGATIVE,0.99933606
228,1486179610815512579,Wed Jan 26 03:30:05 +0000 2022,RT @ScottGottliebMD: Lilly has substantial supply of phase III ready antibody with preserved activity against Omicron. We need a paradigm t‚Ä¶,['III'],POSITIVE,0.97386616
229,1486118890597982211,Tue Jan 25 23:28:48 +0000 2022,the same people who sold MSFT at $274 really are truly terrible because they didn't have the patience to listen. I‚Ä¶ https://t.co/6pMdBn7h48,['MSFT'],NEGATIVE,0.9991113
230,1486109410174898178,Tue Jan 25 22:51:08 +0000 2022,Jimmy Chill gives blessing to memesters to lose as much money as they can in AMC and GME and still remain friends with me.,"['AMC', 'GME']",POSITIVE,0.9667977
231,1486082790932336641,Tue Jan 25 21:05:22 +0000 2022,"If you listened to AXP, IBM, JNJ and RTX instead of selling them instantly, how would you have done?  MSFT?","['JNJ', 'RTX']",NEGATIVE,0.9975142
232,1486060657686597644,Tue Jan 25 19:37:25 +0000 2022,"weird stuff. IBM was terrific, best growth in 11 years, but the analysts hated it..",['IBM'],POSITIVE,0.9893371
233,1486032783797538825,Tue Jan 25 17:46:39 +0000 2022,"for all of the sturm and drang when big companies report they are doing quite well: JNJ, RTX, IBM, AXP, VZ were all‚Ä¶ https://t.co/g5e0lMYFCR",['VZ'],POSITIVE,0.9956996
234,1486030232545107970,Tue Jan 25 17:36:31 +0000 2022,"media might have scared you out of RTX, JNJ and AXP today","['JNJ', 'AXP']",NEGATIVE,0.9925616
235,1485900266297774084,Tue Jan 25 09:00:04 +0000 2022,"Funny, i have been on that warpath with GME since $400 next week last year. AMC-they got the money to survive so wh‚Ä¶ https://t.co/ob7fxVBPMY",['GME'],NEGATIVE,0.9975849
236,1485750908734652427,Mon Jan 24 23:06:35 +0000 2022,RT @CHosford1: @jimcramer Your calls are so often remarkably prescient.  Call on $F was brilliant.  Looking forward for similar results on‚Ä¶,['$F'],POSITIVE,0.998665
237,1485750087217258501,Mon Jan 24 23:03:19 +0000 2022,RT @rinastnyc: @ScottWapnerCNBC @jimcramer @CNBC Follow Jim‚Äôs advice‚Ä¶ do not trade apple üçé ! Bought LLY todayüòç .. got it few years ago in t‚Ä¶,['LLY'],POSITIVE,0.99855304
238,1485736781001773059,Mon Jan 24 22:10:26 +0000 2022,RT @flacbullish: @jimcramer have to give it to you today thru this market. Since the $DVN buy email was sent. Plus 4pts!!!! N that gap fill‚Ä¶,['$DVN'],POSITIVE,0.9972884
239,1485722638341259265,Mon Jan 24 21:14:15 +0000 2022,"when you make those buys in the middle of the crescendo AS YOU SAW IN REAL TIME if you are a club member, you gotta‚Ä¶ https://t.co/1goZ8sD6Z3","['YOU', 'REAL']",NEGATIVE,0.99741995
240,1485721797513424897,Mon Jan 24 21:10:54 +0000 2022,IBM true blowout.. And great projections...,['IBM'],POSITIVE,0.9986344
241,1485710307163049986,Mon Jan 24 20:25:15 +0000 2022,"nice rallies in high multiple profitable cloud names? NOW which reports this week, ADBE which led is down. More buys still coming..","['NOW', 'ADBE']",POSITIVE,0.9978047
242,1484225724760608768,Thu Jan 20 18:06:03 +0000 2022,"RT @mikeducle: @jimcramer Jim, I‚Äôve been following your Charitable Trust, read your books to learn from you. I trimmed $F at 25, $AMD at $1‚Ä¶","['$F', '$AMD']",POSITIVE,0.9975573
243,1484149857103273991,Thu Jan 20 13:04:34 +0000 2022,"RT @carlquintanilla: * AMERICAN AIRLINES - DOMESTIC LEISURE AND SHORT-HAUL INTERNATIONAL ARE APPROACHING 100% RECOVERY
 
* AMERICAN AIRLINE‚Ä¶",['ARE'],POSITIVE,0.9833374
244,1484111423936647172,Thu Jan 20 10:31:51 +0000 2022,"we will talk about the $AMD downgrade from Piper and the sense the autos are ""done"" in our Morning Meeting for club‚Ä¶ https://t.co/roGAnZRWtf",['$AMD'],NEGATIVE,0.99772835
245,1483865988818944005,Wed Jan 19 18:16:35 +0000 2022,the endless selling in club name AMD seems almost silly in nature. I want to tell these sellers if you don't believ‚Ä¶ https://t.co/NzCoUdyGoq,['AMD'],NEGATIVE,0.99943525
246,1483594383727464453,Wed Jan 19 00:17:19 +0000 2022,RT @goshen_holmes: @jimcramer A win is a win. That was some sweetheart deal.  Sold my 180% profit in Ford and Bought Tesla which I swear I'‚Ä¶,['A'],POSITIVE,0.9936093
247,1483562417967833099,Tue Jan 18 22:10:18 +0000 2022,RT @NateSilver538: It really is pretty darn similar. NYC and DC both were about 3 weeks from the infection point where cases started rising‚Ä¶,"['NYC', 'DC']",NEGATIVE,0.95141846
248,1481367626702020610,Wed Jan 12 20:48:59 +0000 2022,RT @AmericanGreedTV: Ex-Employee Of Elizabeth Holmes Recalls How Her Dream Job Turned Into A ‚ÄòNightmare‚Äô https://t.co/VdP94oZQQq - All new‚Ä¶,['A'],NEGATIVE,0.99857193
249,1480487876299264005,Mon Jan 10 10:33:10 +0000 2022,A story that says that Paypal is thinking about planning a launch of a stable coin is pretty pathetic. You are either launching one or not.,['A'],NEGATIVE,0.9994706
250,1479895003635896328,Sat Jan 08 19:17:18 +0000 2022,Harmon: fantastic experience. so much better than a drug store‚Ä¶ $BBBY https://t.co/TWPNrq9IZu,['$BBBY'],POSITIVE,0.99875677
251,1479889742900703233,Sat Jan 08 18:56:24 +0000 2022,$BBBY : been going to this store for 25 years. it has never been this nice and clean. People unbelievably nice. gre‚Ä¶ https://t.co/uoS5S7W3vn,['$BBBY'],POSITIVE,0.9987842
252,1479560020786298881,Fri Jan 07 21:06:12 +0000 2022,$15 BILLION FOR REDDIT-sold to you,['FOR'],NEGATIVE,0.9983392
253,1479474298515595275,Fri Jan 07 15:25:34 +0000 2022,Only $SNOW seems to be holding up. For every $SNOW there are ten All Birds,"['$SNOW', '$SNOW']",NEGATIVE,0.9988151
254,1479213606906613767,Thu Jan 06 22:09:41 +0000 2022,Check the timestamp! The origin of the plan! $GME https://t.co/zP0Xfe5sfa,['$GME'],NEGATIVE,0.9944332
255,1479205380488110081,Thu Jan 06 21:36:59 +0000 2022,$GME using my crypto suggestion! I want a royalty or a banking fee.. Or at least a shout out!   You guys rock!!!,['$GME'],POSITIVE,0.9987124
256,1479142616872673280,Thu Jan 06 17:27:35 +0000 2022,"RT @michaelmina_lab: Rapid tests DO work

Nothin in public health is perfect, not vaccines, masks, quarantines.

Rapid tests are the single‚Ä¶",['DO'],POSITIVE,0.99714655
257,1479138532224552960,Thu Jan 06 17:11:21 +0000 2022,"@ScottWapnerCNBC and we are getting the signals: $FB, $PYPL (once again) $ADBE, $NVDA .... would love to see $MSFT‚Ä¶ https://t.co/wVNNlMmimf","['$PYPL', '$NVDA']",NEGATIVE,0.99104404
258,1478860909812531204,Wed Jan 05 22:48:11 +0000 2022,No i did not Peloton AMC and GME.. And it is time for Ryan to reveal his plan at GME. Right now. So he can raise mo‚Ä¶ https://t.co/Q8z4S8ny3W,['AMC'],NEGATIVE,0.99392295
259,1478810679452880905,Wed Jan 05 19:28:35 +0000 2022,"If you think I drove down GME or AMC, think again.. I was just talking about the need to find newer, better opportunities.",['GME'],NEGATIVE,0.99556303
260,1478746587648212993,Wed Jan 05 15:13:54 +0000 2022,A little heads up. Everyone who encourages violence or recites hateful negatives will be outed if Twitter adopts my‚Ä¶ https://t.co/Hb8V8MUeN8,['A'],NEGATIVE,0.9980303
261,1478745986373726216,Wed Jan 05 15:11:31 +0000 2022,"OKAY, i am doing a piece about fixing Twitter. I poked the apes last night on$ GME and $AMC to see what happens so‚Ä¶ https://t.co/fH92T8F4zn","['GME', '$AMC']",NEGATIVE,0.98880476
262,1478517082622992386,Wed Jan 05 00:01:56 +0000 2022,RT @EbbittMarshall: @jimcramer Hey Jim. Given $F announcement today re Pickup Truck production it appears another great call by you. Thanks,['$F'],POSITIVE,0.9986726
263,1478497557022134273,Tue Jan 04 22:44:21 +0000 2022,A really important program i am proud to be a part of !! https://t.co/Gjhw3IDzyd,['A'],POSITIVE,0.9987766
264,1478417573582675978,Tue Jan 04 17:26:31 +0000 2022,RT @Lebeaucarnews: Cramer says 'sky is the limit' for Ford in 2022 after last year's 136% surge @CNBC $F https://t.co/993RZGhlj7,['$F'],POSITIVE,0.9979405
265,1478357845410299905,Tue Jan 04 13:29:11 +0000 2022,"Dear Mr. Kingpin Industries, i coined FANG and recommended them years and years ago.  So i was early with Netflix.‚Ä¶ https://t.co/U8fLTTuSRB",['FANG'],NEGATIVE,0.97430277
266,1477693782409859080,Sun Jan 02 17:30:26 +0000 2022,RT @bob_wins: @jimcramer A favorite image of 2021 for me - booyah @jimcramer @MadMoneyOnCNBC Happy New Year https://t.co/zuYAt8p79t,['A'],POSITIVE,0.99867195
267,1477693325029294089,Sun Jan 02 17:28:37 +0000 2022,RT @rockisland48: @jimcramer You ARE the best !!! Like a top CEO whose leadership and care is focused on his team and the success of his st‚Ä¶,['ARE'],POSITIVE,0.9987964
268,1475842126873309193,Tue Dec 28 14:52:37 +0000 2021,RT @cheezmech: @jimcramer Same to you CHILLMAN! LOVE THE INVESTMENT CLUB INFO!,['LOVE'],POSITIVE,0.9988195
269,1473966212858228741,Thu Dec 23 10:38:24 +0000 2021,"our viewers have love for Chinese stocks, but here's TenCent dumping a ton of JD that no one saw coming. Until the‚Ä¶ https://t.co/ByliCfr8oL",['JD'],NEGATIVE,0.99797785
270,1473856210537529346,Thu Dec 23 03:21:18 +0000 2021,RT @KaliPramod: @jimcramer Jim thank you for all your education and direction. I invested in $NVDA after your call in 2017 . Today it is ha‚Ä¶,['$NVDA'],POSITIVE,0.99858713
271,1473424110168461312,Tue Dec 21 22:44:17 +0000 2021,@Eagles I am so sorry i will miss tonight--it took covid for me not to get there. #GoBirds!! WE LOVE YOU!,"['WE', 'LOVE']",NEGATIVE,0.99784184
272,1473406929074593793,Tue Dec 21 21:36:01 +0000 2021,"great news, DIS CFO Christine McCarthy just got extended until 2024. some of us feared she might retire! Club name..",['DIS'],POSITIVE,0.9987868
273,1473351934580912134,Tue Dec 21 17:57:29 +0000 2021,"RT @johncmoses: A big booyah to @jimcramer for COVID vaccine and test advocacy. As with his with his new CNBC Investing Club, totally trans‚Ä¶",['A'],POSITIVE,0.9986496
274,1472944506009964551,Mon Dec 20 14:58:30 +0000 2021,i like this move VERY much. Accretive and multiple raising.. Buy Oracle https://t.co/L9aEGisAAD,['VERY'],POSITIVE,0.9987744
275,1472862672924430336,Mon Dec 20 09:33:20 +0000 2021,Watch the sector declines: if Health care and CPG go down we are early in the decline...,['CPG'],NEGATIVE,0.9983321
276,1471272839886131211,Thu Dec 16 00:15:54 +0000 2021,"RT @SquawkStreet: #Mad Dash on $ROKU with @JimCramer: ""A lot of people identify with this company. This fall is more Jay Powell and inflati‚Ä¶",['$ROKU'],POSITIVE,0.9952025
277,1471192511611817988,Wed Dec 15 18:56:42 +0000 2021,A tremendous number of stocks have now been crushed BECAUSE of this meeting. They have been hammered ALREADY,['A'],NEGATIVE,0.9994591
278,1471187265208606728,Wed Dec 15 18:35:52 +0000 2021,the City MD lined and the like are all like this https://t.co/qMRwG6MB08,['MD'],NEGATIVE,0.99773264
279,1471174897816719360,Wed Dec 15 17:46:43 +0000 2021,"@ScottWapnerCNBC we love $UPS big position for the club,.. Carole Tome is the best (Formerly of $HD)",['$UPS'],POSITIVE,0.9987461
280,1471135730374225923,Wed Dec 15 15:11:05 +0000 2021,"the runs in clorox, PG, JNJ says Jay will crush us. i don't think he will.",['JNJ'],NEGATIVE,0.9921035
281,1471135097680273411,Wed Dec 15 15:08:34 +0000 2021,AMC and GME remain drains. I think that AMC and Gamestop represent a vestige. I had hoped that the buyers of Gamest‚Ä¶ https://t.co/exiTfwYYxA,"['AMC', 'GME', 'AMC']",NEGATIVE,0.9993294
282,1470843341415796749,Tue Dec 14 19:49:14 +0000 2021,"AMD and NVDA--club names, finally stop going down for now .club names",['AMD'],NEGATIVE,0.98696357
283,1470814515331842059,Tue Dec 14 17:54:41 +0000 2021,"You are right, Jim, i didn't really want to sell it and we still have a lot of CSCO but we like Chevron, cheaper an‚Ä¶ https://t.co/qTcAmP4n2f",['CSCO'],NEGATIVE,0.9780821
284,1470715075002576897,Tue Dec 14 11:19:33 +0000 2021,"RT @carlquintanilla: B of A: ‚Äú.. we now expect a stronger iPhone upgrade cycle in F23,‚Äù where $AAPL is ‚Äúable to charge more‚Äù for more AR/VR‚Ä¶","['B', '$AAPL']",POSITIVE,0.9957497
285,1470129829039292421,Sun Dec 12 20:33:59 +0000 2021,"Ford, a club name, is doing so well..
$F https://t.co/0y5QVStWO4",['$F'],POSITIVE,0.998392
286,1469000711371374597,Thu Dec 09 17:47:16 +0000 2021,"Talking to the CEO of Ford NOW on our first CNBC Investing Club event! 

Join us! 

https://t.co/ZlbR6cR407",['NOW'],POSITIVE,0.99848497
287,1468943713690959881,Thu Dec 09 14:00:47 +0000 2021,getting kidded for my FORD fixation but should Rivian be worth more,['FORD'],NEGATIVE,0.9885927
288,1468927773955825669,Thu Dec 09 12:57:27 +0000 2021,@andrewrsorkin Valiant attempt to get at the truth of the slowing growth and losses at $RENT,['$RENT'],POSITIVE,0.993291
289,1468586712318328834,Wed Dec 08 14:22:11 +0000 2021,"$PFE, $AAPL, $SWK, $SFIX &amp; more in this morning‚Äôs club member newsletter. 

Make sure you‚Äôre on the list ahead of t‚Ä¶ https://t.co/qdZcWTj59h",['$SFIX'],POSITIVE,0.99821174
290,1468585061578641415,Wed Dec 08 14:15:38 +0000 2021,Letter X lives,['X'],POSITIVE,0.9970759
291,1468391145910775813,Wed Dec 08 01:25:05 +0000 2021,"RT @BbDesimone: @jimcramer Thank you so much for explaining what was going on with LLY today. I mean, when all your stocks are up, except o‚Ä¶",['LLY'],POSITIVE,0.9983708
292,1468222334427443208,Tue Dec 07 14:14:17 +0000 2021,"The One-- Adam Jonas --is the Lee J Cobb of analysts--how can you not call him that when he entitles his piece ""death of an analyst""",['J'],NEGATIVE,0.99849176
293,1468168155948331013,Tue Dec 07 10:39:00 +0000 2021,Also preparing my speech last night for https://t.co/GUkgq8DNo3. Thanks Coach B for making the game boring enough t‚Ä¶ https://t.co/ISKOyw8GUh,['B'],POSITIVE,0.98938966
294,1468153396754620416,Tue Dec 07 09:40:21 +0000 2021,"A great note to wake up to. Once again PANIC was NOT a strategy... No matter how many times i say it, there will be‚Ä¶ https://t.co/KAO92DeTWh",['A'],POSITIVE,0.9915453
295,1467954575978246147,Mon Dec 06 20:30:18 +0000 2021,RT @TDAJJKinahan: Looking forward to joining @CNBCClosingBell @WilfredFrost @SaraEisen at 4 PM ET talking about this crazy $SPX rally and w‚Ä¶,"['PM', 'ET']",POSITIVE,0.9987593
296,1466872645283201030,Fri Dec 03 20:51:06 +0000 2021,RT @jvhellew: @jimcramer I'm still thanking you for your advice on $NVDA several years ago. I'll never forget your saying that NVDA is the‚Ä¶,"['$NVDA', 'NVDA']",POSITIVE,0.996593
297,1466861694387425292,Fri Dec 03 20:07:35 +0000 2021,RT @MonetaryMonsta: @jimcramer Loving the new club. Wanted to thank you for putting me on to Marvell. A big move for me today.,['A'],POSITIVE,0.9988092
298,1466429854199525378,Thu Dec 02 15:31:36 +0000 2021,Notice OKTA almost all price targets were CUTS but the stock is up. That's very positive action....,['OKTA'],POSITIVE,0.9987192
299,1466429652885549062,Thu Dec 02 15:30:48 +0000 2021,"Chinese charm offensive may include letting $BABA lift but i would rather buy  F, BA, SBUX  NKE","['$BABA', 'SBUX', 'NKE']",NEGATIVE,0.9983133
300,1466340991124783104,Thu Dec 02 09:38:30 +0000 2021,A down opening is needed to flush out the weak hands but it is some flushing,['A'],POSITIVE,0.94893616
